<packageInfo>
<packageIdentifier>SnowflakeV2.1</packageIdentifier>
<fileMaps>
<fileMap>
	<from>rdtm/javalib/900100/plugins/com.unicosolution.adapter.snowflakev2.messages.design_1.0.0.jar</from>
	<to>bin/rdtm/javalib/900100/plugins/com.unicosolution.adapter.snowflakev2.messages.design_1.0.0.jar</to>
</fileMap>
<fileMap>
	<from>rdtm/javalib/900100/plugins/com.unicosolution.adapter.snowflakev2.messages.design_1.0.0.jar</from>
	<to>tomcat/plugins/900100/plugins/com.unicosolution.adapter.snowflakev2.messages.design_1.0.0.jar</to>
</fileMap>
<fileMap>
	<from>rdtm/javalib/900100/plugins/com.unicosolution.adapter.snowflakev2.metamodel_1.0.0.jar</from>
	<to>bin/rdtm/javalib/900100/plugins/com.unicosolution.adapter.snowflakev2.metamodel_1.0.0.jar</to>
</fileMap>
<fileMap>
	<from>rdtm/javalib/900100/plugins/com.unicosolution.adapter.snowflakev2.metamodel_1.0.0.jar</from>
	<to>tomcat/plugins/900100/plugins/com.unicosolution.adapter.snowflakev2.metamodel_1.0.0.jar</to>
</fileMap>
<fileMap>
	<from>rdtm/javalib/900100/plugins/com.unicosolution.adapter.snowflakev2.seedprovider_1.0.0.jar</from>
	<to>bin/rdtm/javalib/900100/plugins/com.unicosolution.adapter.snowflakev2.seedprovider_1.0.0.jar</to>
</fileMap>
<fileMap>
	<from>rdtm/javalib/900100/plugins/com.unicosolution.adapter.snowflakev2.seedprovider_1.0.0.jar</from>
	<to>tomcat/plugins/900100/plugins/com.unicosolution.adapter.snowflakev2.seedprovider_1.0.0.jar</to>
</fileMap>
<fileMap>
	<from>rdtm/javalib/900100/plugins/com.unicosolution.adapter.snowflakev2.modelattributes_1.0.0.jar</from>
	<to>bin/rdtm/javalib/900100/plugins/com.unicosolution.adapter.snowflakev2.modelattributes_1.0.0.jar</to>
</fileMap>
<fileMap>
	<from>rdtm/javalib/900100/plugins/com.unicosolution.adapter.snowflakev2.modelattributes_1.0.0.jar</from>
	<to>tomcat/plugins/900100/plugins/com.unicosolution.adapter.snowflakev2.modelattributes_1.0.0.jar</to>
</fileMap>
<fileMap>
	<from>rdtm/javalib/900100/plugins/com.unicosolution.adapter.snowflakev2.adapter.contribution_1.0.0.jar</from>
	<to>bin/rdtm/javalib/900100/plugins/com.unicosolution.adapter.snowflakev2.adapter.contribution_1.0.0.jar</to>
</fileMap>
<fileMap>
	<from>rdtm/javalib/900100/plugins/com.unicosolution.adapter.snowflakev2.adapter.contribution_1.0.0.jar</from>
	<to>tomcat/plugins/900100/plugins/com.unicosolution.adapter.snowflakev2.adapter.contribution_1.0.0.jar</to>
</fileMap>
<fileMap>
	<from>rdtm/plugins/SnowflakeV2Plugin.xml</from>
	<to>bin/rdtm/plugins/SnowflakeV2Plugin.xml</to>
</fileMap>
<fileMap>
	<from>rdtm/javalib/900100/plugins/com.unicosolution.adapter.snowflakev2.runtime.adapter_1.0.0.jar</from>
	<to>bin/rdtm/javalib/900100/plugins/com.unicosolution.adapter.snowflakev2.runtime.adapter_1.0.0.jar</to>
</fileMap>
<fileMap>
	<from>rdtm/javalib/900100/plugins/com.unicosolution.adapter.snowflakev2.runtime.adapter_1.0.0.jar</from>
	<to>tomcat/plugins/900100/plugins/com.unicosolution.adapter.snowflakev2.runtime.adapter_1.0.0.jar</to>
</fileMap>
<fileMap>
	<from>rdtm/javalib/900100/plugins/com.unicosolution.adapter.snowflakev2.metadata.model_1.0.0.jar</from>
	<to>bin/rdtm/javalib/900100/plugins/com.unicosolution.adapter.snowflakev2.metadata.model_1.0.0.jar</to>
</fileMap>
<fileMap>
	<from>rdtm/javalib/900100/plugins/com.unicosolution.adapter.snowflakev2.metadata.model_1.0.0.jar</from>
	<to>tomcat/plugins/900100/plugins/com.unicosolution.adapter.snowflakev2.metadata.model_1.0.0.jar</to>
</fileMap>
<fileMap>
	<from>rdtm/javalib/900100/snowflake_jdbc.jar</from>
	<to>bin/rdtm/javalib/900100/snowflake_jdbc.jar</to>
</fileMap>
<fileMap>
	<from>rdtm/javalib/900100/snowflake_jdbc.jar</from>
	<to>tomcat/plugins/900100/snowflake_jdbc.jar</to>
</fileMap>
<fileMap>
	<from>rdtm/javalib/900100/plugins/com.unicosolution.adapter.snowflakev2.connection.model_1.0.0.jar</from>
	<to>bin/rdtm/javalib/900100/plugins/com.unicosolution.adapter.snowflakev2.connection.model_1.0.0.jar</to>
</fileMap>
<fileMap>
	<from>rdtm/javalib/900100/plugins/com.unicosolution.adapter.snowflakev2.connection.model_1.0.0.jar</from>
	<to>tomcat/plugins/900100/plugins/com.unicosolution.adapter.snowflakev2.connection.model_1.0.0.jar</to>
</fileMap>
<fileMap>
	<from>rdtm/javalib/900100/plugins/com.unicosolution.adapter.snowflakev2.metadata.adapter_1.0.0.jar</from>
	<to>bin/rdtm/javalib/900100/plugins/com.unicosolution.adapter.snowflakev2.metadata.adapter_1.0.0.jar</to>
</fileMap>
<fileMap>
	<from>rdtm/javalib/900100/plugins/com.unicosolution.adapter.snowflakev2.metadata.adapter_1.0.0.jar</from>
	<to>tomcat/plugins/900100/plugins/com.unicosolution.adapter.snowflakev2.metadata.adapter_1.0.0.jar</to>
</fileMap>
<fileMap>
	<from>rdtm/javalib/900100/plugins/com.unicosolution.adapter.snowflakev2.libraryInfo_1.0.0.jar</from>
	<to>bin/rdtm/javalib/900100/plugins/com.unicosolution.adapter.snowflakev2.libraryInfo_1.0.0.jar</to>
</fileMap>
<fileMap>
	<from>rdtm/javalib/900100/plugins/com.unicosolution.adapter.snowflakev2.libraryInfo_1.0.0.jar</from>
	<to>tomcat/plugins/900100/plugins/com.unicosolution.adapter.snowflakev2.libraryInfo_1.0.0.jar</to>
</fileMap>
<fileMap>
	<from>rdtm/javalib/900100/com.unicosolution.adapter.snowflakev2.cci.deploy_1.0.0.jar</from>
	<to>bin/rdtm/javalib/900100/com.unicosolution.adapter.snowflakev2.cci.deploy_1.0.0.jar</to>
</fileMap>
<fileMap>
	<from>rdtm/javalib/900100/com.unicosolution.adapter.snowflakev2.cci.deploy_1.0.0.jar</from>
	<to>tomcat/plugins/900100/com.unicosolution.adapter.snowflakev2.cci.deploy_1.0.0.jar</to>
</fileMap>
<fileMap>
	<from>rdtm/javalib/900100/plugins/com.unicosolution.adapter.snowflakev2.runtime.model_1.0.0.jar</from>
	<to>bin/rdtm/javalib/900100/plugins/com.unicosolution.adapter.snowflakev2.runtime.model_1.0.0.jar</to>
</fileMap>
<fileMap>
	<from>rdtm/javalib/900100/plugins/com.unicosolution.adapter.snowflakev2.runtime.model_1.0.0.jar</from>
	<to>tomcat/plugins/900100/plugins/com.unicosolution.adapter.snowflakev2.runtime.model_1.0.0.jar</to>
</fileMap>
<fileMap>
	<from>rdtm/javalib/900100/cloudPlugin.jar</from>
	<to>bin/rdtm/javalib/900100/cloudPlugin.jar</to>
</fileMap>
<fileMap>
	<from>rdtm/javalib/900100/cloudPlugin.jar</from>
	<to>tomcat/plugins/900100/cloudPlugin.jar</to>
</fileMap>
<fileMap>
	<from>rdtm/javalib/900100/plugins/com.unicosolution.adapter.snowflakev2.messages.runtime_1.0.0.jar</from>
	<to>bin/rdtm/javalib/900100/plugins/com.unicosolution.adapter.snowflakev2.messages.runtime_1.0.0.jar</to>
</fileMap>
<fileMap>
	<from>rdtm/javalib/900100/plugins/com.unicosolution.adapter.snowflakev2.messages.runtime_1.0.0.jar</from>
	<to>tomcat/plugins/900100/plugins/com.unicosolution.adapter.snowflakev2.messages.runtime_1.0.0.jar</to>
</fileMap>
<fileMap>
	<from>rdtm/javalib/900100/plugins/com.unicosolution.adapter.snowflakev2.connection.adapter_1.0.0.jar</from>
	<to>bin/rdtm/javalib/900100/plugins/com.unicosolution.adapter.snowflakev2.connection.adapter_1.0.0.jar</to>
</fileMap>
<fileMap>
	<from>rdtm/javalib/900100/plugins/com.unicosolution.adapter.snowflakev2.connection.adapter_1.0.0.jar</from>
	<to>tomcat/plugins/900100/plugins/com.unicosolution.adapter.snowflakev2.connection.adapter_1.0.0.jar</to>
</fileMap>
<fileMap>
	<from>rdtm/javalib/900100/plugins/com.unicosolution.adapter.snowflakev2.typesystem_1.0.0.jar</from>
	<to>bin/rdtm/javalib/900100/plugins/com.unicosolution.adapter.snowflakev2.typesystem_1.0.0.jar</to>
</fileMap>
<fileMap>
	<from>rdtm/javalib/900100/plugins/com.unicosolution.adapter.snowflakev2.typesystem_1.0.0.jar</from>
	<to>tomcat/plugins/900100/plugins/com.unicosolution.adapter.snowflakev2.typesystem_1.0.0.jar</to>
</fileMap>
<fileMap>
	<from>rdtm/javalib/900100/plugins/com.unicosolution.adapter.snowflakev2.metadata.semantic_1.0.0.jar</from>
	<to>bin/rdtm/javalib/900100/plugins/com.unicosolution.adapter.snowflakev2.metadata.semantic_1.0.0.jar</to>
</fileMap>
<fileMap>
	<from>rdtm/javalib/900100/plugins/com.unicosolution.adapter.snowflakev2.metadata.semantic_1.0.0.jar</from>
	<to>tomcat/plugins/900100/plugins/com.unicosolution.adapter.snowflakev2.metadata.semantic_1.0.0.jar</to>
</fileMap>
<fileMap>
	<from>rdtm/javalib/900100/plugins/com.unicosolution.adapter.snowflakev2.runtime.semantic_1.0.0.jar</from>
	<to>bin/rdtm/javalib/900100/plugins/com.unicosolution.adapter.snowflakev2.runtime.semantic_1.0.0.jar</to>
</fileMap>
<fileMap>
	<from>rdtm/javalib/900100/plugins/com.unicosolution.adapter.snowflakev2.runtime.semantic_1.0.0.jar</from>
	<to>tomcat/plugins/900100/plugins/com.unicosolution.adapter.snowflakev2.runtime.semantic_1.0.0.jar</to>
</fileMap>
<fileMap>
	<from>rdtm/javalib/900100/plugins/com.unicosolution.adapter.snowflakev2.licensechecker_1.0.0.jar</from>
	<to>bin/rdtm/javalib/900100/plugins/com.unicosolution.adapter.snowflakev2.licensechecker_1.0.0.jar</to>
</fileMap>
<fileMap>
	<from>rdtm/javalib/900100/plugins/com.unicosolution.adapter.snowflakev2.licensechecker_1.0.0.jar</from>
	<to>tomcat/plugins/900100/plugins/com.unicosolution.adapter.snowflakev2.licensechecker_1.0.0.jar</to>
</fileMap>
</fileMaps>
</packageInfo>
